onPlayerRespawnAsSeagull.sqs,f\common\f_spect\specta.sqf,execVM
init.sqf,f\common\ShackTac_setLocalFTMemberMarkers.sqf,execVM
f\common\folk_assignGear.sqf,f\common\folk_assignGear_usmc.sqf,include
f\common\f_missionMakerTeleport.sqf,f\common\f_mapClickTeleport.sqf,addAction
f\common\fa_ACRE_clearRadios.sqf,f\common\fa_ACRE_setFrequencies.sqf,execVM
briefing.sqf,f\common\f_briefing_ru.sqf,include
init.sqf,f\common\folk_setLocalGroupMarkers.sqf,execVM
f\common\fa_tripwire_init.sqf,f\common\fa_tripwireaction.sqf,addAction
f\common\f_JIP_kitPicker.h,f\common\f_JIP_kitPicker.sqf,callCompilePreprocessFile
f\common\folk_setLocalGroupMarkers.sqf,f\common\folk_localGroupMarker.sqf,callCompilePreprocessFile
f\common\f_recog\setupRecognize.sqf,f\common\f_recog\recognize.sqf,callCompilePreprocessFile
init.sqf,f\common\f_setMissionConditions.sqf,execVM
init.sqf,f\common\folk_setGroupIDs.sqf,execVM
init.sqf,f\common\f_setLocalVars.sqf,execVM
f\common\f_mpEndSetUp.sqf,f\common\f_waitForJIP.sqf,include
f\common\f_spect\common.hpp,f\common\f_spect\rscA2BasicDefines.hpp,include
f\common\f_mpEndReceiver.sqf,f\common\f_waitForJIP.sqf,include
f\common\f_recog\recog_init.sqf,f\common\f_recog\bKeyHandler.sqf,callCompilePreprocessFile
mission.sqm,f\common\f_JIP_addReinforcementOptionsAction.sqf,execVM
f\common\f_setAISkill.sqf,f\common\f_waitForJIP.sqf,include
f\common\f_groupJoinAddOption.sqf,f\common\f_waitForJIP.sqf,include
f\common\f_JIP_grpPicker.h,f\common\f_JIP_grpPicker.sqf,callCompilePreprocessFile
init.sqf,f\common\f_processParamsArray.sqf,execVM
f\common\folk_assignGear.sqf,f\common\folk_assignGear_ins.sqf,include
briefing.sqf,f\common\f_briefing_cdf.sqf,include
f\common\folk_assignGear.sqf,f\common\folk_assignGear_tk.sqf,include
f\common\folk_assignGear.sqf,f\common\folk_assignGear_tk_gue.sqf,include
f\common\f_recog\recog_init.sqf,f\common\f_recog\bRemoveKey.sqf,callCompilePreprocessFile
f\common\folk_assignGear.sqf,f\common\folk_assignGear_tk_civ.sqf,include
briefing.sqf,f\common\f_briefing_cz.sqf,include
init.sqf,f\common\f_groupJoinAddOption.sqf,execVM
description.ext,f\common\f_JIP_grpPicker.h,include
f\common\f_JIP_reinforcementOptions.sqf,f\common\f_JIP_nearTargetGroupCheck.sqf,execVM
f\common\f_JIP_nearTargetGroupCheck.sqf,f\common\f_JIP_addReinforcementOptionsAction.sqf,execVM
f\common\f_groupJoinAddOption.sqf,f\common\f_groupJoinAction.sqf,addAction
briefing.sqf,f\common\f_waitForJIP.sqf,include
f\common\folk_assignGear.sqf,f\common\folk_assignGear_un.sqf,include
f\common\f_addRemoveBodyEH.sqf,f\common\f_removeBody.sqf,execVM
init.sqf,f\common\f_mpEndSetUp.sqf,execVM
description.ext,f\common\f_spect\spectating.hpp,include
f\common\f_addSetViewDistanceEHs.sqf,f\common\f_waitForJIP.sqf,include
f\common\f_recog\setupRecognize.sqf,f\common\f_recog\generateLabelText.sqf,callCompilePreprocessFile
init_onPlayerRespawn.sqf,f\common\f_JIP_addReinforcementOptionsAction.sqf,execVM
f\common\folk_assignGear.sqf,f\common\folk_assignGear_cz.sqf,include
init.sqf,f\common\f_orbatNotes.sqf,execVM
briefing.sqf,f\common\f_briefing_civ_special.sqf,include
f\common\f_setAISkillAD.sqf,f\common\f_waitForJIP.sqf,include
briefing.sqf,f\common\f_briefing_ins.sqf,include
description.ext,f\common\f_JIP_kitPicker.h,include
f\common\f_addRemoveBodyEH.sqf,f\common\f_waitForJIP.sqf,include
briefing.sqf,f\common\f_briefing_gue.sqf,include
briefing.sqf,f\common\f_briefing_ger.sqf,include
f\server\f_endOnCasualtiesCap.sqf,f\server\f_mpEndBroadcast.sqf,execVM
f\server\f_abrFIFO.sqf,f\common\f_removeBody.sqf,execVM
f\common\f_addRemoveBodyEH.sqf,f\common\f_abrAddToFIFO.sqf,execVM
f\common\f_JIP_kitPicker.h,f\common\f_JIP_common.h,include
f\common\f_JIP_reinforcementOptions.sqf,f\common\folk_assignGear.sqf,execVM
f\common\folk_setLocalGroupMarkers.sqf,f\common\f_waitForJIP.sqf,include
briefing.sqf,f\common\f_briefing_usmc.sqf,include
f\common\folk_assignGear_acre.sqf,f\common\fa_ACRE_clearRadios.sqf,execVM
f\common\folk_localSpecialistMarker.sqf,f\common\f_waitForJIP.sqf,include
f\common\f_removeBody.sqf,f\common\f_waitForJIP.sqf,include
f\common\folk_localGroupMarker.sqf,f\common\f_waitForJIP.sqf,include
briefing.sqf,f\common\f_briefing_un.sqf,include
f\common\f_recog\setupRecognize.sqf,f\common\f_recog\recognizeHandler.sqf,callCompilePreprocessFile
f\common\f_setViewDistanceGetIn.sqf,f\common\f_waitForJIP.sqf,include
f\common\folk_setLocalGroupMarkers.sqf,f\common\folk_localSpecialistMarker.sqf,callCompilePreprocessFile
f\common\f_JIP_addReinforcementOptionsAction.sqf,f\common\f_waitForJIP.sqf,include
briefing.sqf,f\common\f_briefing_tk_civ.sqf,include
f\common\folk_assignGear.sqf,f\common\folk_assignGear_civ_special.sqf,include
f\common\f_isAuthorisedCrewType.sqf,f\common\f_waitForJIP.sqf,include
f\common\ShackTac_setLocalFTMemberMarkers.sqf,f\common\ShackTac_localFTMemberMarker.sqf,execVM
f\common\folk_assignGear.sqf,f\common\folk_assignGear_ru.sqf,include
f\common\f_COINpresets.sqf,f\common\f_keyPressed.sqf,callCompilePreprocessFile
briefing.sqf,f\common\f_briefing_tk.sqf,include
init.sqf,f\common\f_spect\specta_init.sqf,execVM
f\common\folk_assignGear.sqf,f\common\folk_assignGear_baf.sqf,include
f\common\folk_assignGear.sqf,f\common\folk_assignGear_acre.sqf,execVM
init.sqf,init_onPlayerRespawn.sqf,execVM
f\common\folk_assignGear.sqf,f\common\folk_assignGear_tk_ins.sqf,include
f\common\folk_assignGear.sqf,f\common\folk_assignGear_gue.sqf,include
f\common\ShackTac_setLocalFTMemberMarkers.sqf,f\common\f_waitForJIP.sqf,include
f\common\folk_assignGear.sqf,f\common\folk_assignGearCleanUp.sqf,execVM
f\common\f_setLocalVars.sqf,f\common\f_waitForJIP.sqf,include
f\common\f_recog\recog_init.sqf,f\common\f_recog\setupRecognize.sqf,execVM
f\common\f_addSetViewDistanceEHs.sqf,f\common\f_setViewDistanceGetIn.sqf,execVM
f\common\f_recog\setupRecognize.sqf,f\common\f_recog\recognizeOverlayCtrl.sqf,callCompilePreprocessFile
f\common\f_spect\specta_init.sqf,f\common\f_spect\specta.sqf,execVM
f\common\ShackTac_localFTMemberMarker.sqf,f\common\f_waitForJIP.sqf,include
briefing.sqf,f\common\f_briefing_tk_gue.sqf,include
f\common\f_isAuthorisedCrew.sqf,f\common\f_waitForJIP.sqf,include
f\common\folk_assignGear.sqf,f\common\folk_assignGear_cdf.sqf,include
f\common\f_JIP_addReinforcementOptionsAction.sqf,f\common\f_JIP_reinforcementOptions.sqf,addAction
f\common\fa_tripwire_init.sqf,f\common\f_tripFlare.sqf,execVM
mission.sqm,f\common\folk_assignGear.sqf,callCompilePreprocessFile
f\common\folk_assignGear.sqf,f\common\folk_assignGear_us.sqf,include
f\common\f_setViewDistanceGetOut.sqf,f\common\f_waitForJIP.sqf,include
f\common\folk_assignGear.sqf,f\common\folk_assignGear_ger.sqf,include
briefing.sqf,f\common\f_briefing_tk_ins.sqf,include
f\common\f_addSetViewDistanceEHs.sqf,f\common\f_setViewDistanceGetOut.sqf,execVM
f\common\f_mpEndSetUp.sqf,f\common\f_mpEndReceiver.sqf,execVM
briefing.sqf,f\common\f_briefing_baf.sqf,include
f\server\f_groupEandECheck.sqf,f\server\f_mpEndBroadcast.sqf,execVM
init.sqf,briefing.sqf,execVM
briefing.sqf,f\common\f_briefing_us.sqf,include
f\common\f_JIP_grpPicker.h,f\common\f_JIP_common.h,include
